Split,R²,MAE,RMSE
OOF,0.5147301891863684,0.2683507048295509,0.43997044204453906
