metric,mean,std
outer_rmse,0.43988182212993715,0.010785743274909112
outer_mae,0.2683506505881928,0.0017631365759933557
outer_r2,0.5148599804403493,0.009816995943479382
