Split,R²,MAE,RMSE
OOF,0.4343108415727842,0.27704495410490027,0.47502973046186586
