metric,mean,std
outer_rmse,0.47491367990308264,0.012828305437813678
outer_mae,0.2770448433872603,0.004003460057377353
outer_r2,0.4344219847107699,0.018942848011833834
