Split,R²,MAE,RMSE
OOF,0.6166899442363809,0.22262510548715939,0.38904802923024767
