metric,mean,std
outer_rmse,0.3889779047456626,0.009046435840754763
outer_mae,0.22262510548715939,0.003654543630169483
outer_r2,0.6167199978249658,0.00562074327600618
