Split,R²,MAE,RMSE
OOF,0.658561391339497,0.15255105170282804,0.2430332879359185
