Split,R²,MAE,RMSE
OOF,0.6547645239084645,0.15343297825191374,0.2443808420538218
