metric,mean,std
outer_rmse,0.24436736449324128,0.0031544583274800944
outer_mae,0.15343299817962072,0.0010385947784105956
outer_r2,0.6544990428430425,0.008626263757720066
