metric,mean,std
outer_rmse,0.24301850006982062,0.0032949245144801922
outer_mae,0.15255107446020819,0.0009704497948908035
outer_r2,0.6583299138284215,0.0069674120624270966
