Split,R²,MAE,RMSE
OOF,0.6447188287543821,0.15972577581058672,0.24791085566579632
