Split,R²,MAE,RMSE
OOF,0.6360464376664443,0.1618311990260394,0.25091835730043155
