metric,mean,std
outer_rmse,0.2478540174096464,0.006513072183929679
outer_mae,0.15972583560606105,0.0021280320799219395
outer_r2,0.6447367462185846,0.005510933041868902
