variant_model_id,variant_name,outer_fold,outer_rmse,outer_mae,outer_r2,inner_best_cv_rmse,best_n_splines,best_spline_order,best_lam
gam-linear-log,LinearGAM (log),1,0.2441635639632991,0.1595528084337117,0.6427144954829829,0.25007575974803203,78,4,0.010981132658695185
gam-linear-log,LinearGAM (log),2,0.24402425300566088,0.1576895993879963,0.6509731236820964,0.2503617343182034,80,3,0.08397138346822376
gam-linear-log,LinearGAM (log),3,0.2553742352599793,0.16193509899647512,0.6405226194906746,0.24624254765194642,78,4,0.8113097972428289
