metric,mean,std
outer_rmse,0.25086009765569467,0.006633802191800727
outer_mae,0.16183125880228458,0.0022155131276825227
outer_r2,0.6360663763352268,0.0058929526085654835
