Split,R²,MAE,RMSE
OOF,0.5056693222192532,0.25541445341994956,0.4440589680838286
