metric,mean,std
outer_rmse,0.44400160014330387,0.008712360485104494
outer_mae,0.25541436270417583,0.002565972241226108
outer_r2,0.5056950209352605,0.006844757599674358
