{
  "model_id": "xgboost",
  "run_name": "sweep_large_30ep_1seed_MI_corrected",
  "target_col": "ml_ade_log",
  "tuning_metric_name": "rmse",
  "best_params": {
    "learning_rate": 0.04860222715760927,
    "max_depth": 9,
    "min_child_weight": 17,
    "subsample": 0.9234651056066276,
    "colsample_bytree": 0.9886397161046538,
    "reg_alpha": 0.018970064740230618,
    "reg_lambda": 0.00035450524489370446
  },
  "best_iteration": 1585,
  "best_cv_score": 0.07783966892223097,
  "tuning_config": {
    "nfold": 3,
    "n_trials": 15,
    "max_boost_rounds": 2000,
    "early_stopping_rounds": 50,
    "random_state": 42
  }
}