Split,R²,MAE,RMSE
OOF,0.8973657160881724,0.07937853970838055,0.1332464590299701
