Split,R²,MAE,RMSE
OOF,0.8820226804741563,0.08733707682740567,0.1428593634629461
