outer_fold,outer_rmse,outer_mae,outer_r2,inner_best_cv_rmse,best_iteration,best_learning_rate,best_max_depth,best_min_child_weight,best_subsample,best_colsample_bytree,best_gamma,best_reg_alpha,best_reg_lambda
1,0.14275589396872818,0.08906832137226618,0.8778645374017156,0.09270800841817754,4000,0.009037757339142475,12,5,0.802365401121514,0.5315202204347365,0.006492157920127015,0.00036532179647661334,6.315746533875121e-05
2,0.1463916016824266,0.09107515359630244,0.8743897119936984,0.0927328133278101,2248,0.08875509158081152,11,8,0.8379233826878352,0.6363249623932472,0.012219593418561991,2.3533318801978587e-05,0.2931592340094587
3,0.13934333969277518,0.08186731139498714,0.8929738653962105,0.08326220497724755,4000,0.011762310605626264,9,15,0.9409898692338533,0.9935586835776029,0.000587103282847729,0.002079687664482582,0.03966855031604714
