metric,mean,std
outer_rmse,0.14283027844797666,0.0035247197132192
outer_mae,0.08733692878785193,0.0048419396642362545
outer_r2,0.8817427049305415,0.009880426456295048
