metric,mean,std
outer_rmse,0.13321228675810173,0.0037012923200589417
outer_mae,0.07937854978965735,0.0009128245959039325
outer_r2,0.897381559714295,0.0016742004864019981
