Split,R²,MAE,RMSE
OOF,0.6260328231726968,0.22030911383831409,0.38623231448171574
