metric,mean,std
outer_rmse,0.3861735717657265,0.008238966407454263
outer_mae,0.22030904404514584,0.0028968739018418906
outer_r2,0.6260145367305516,0.010532995697581985
