Split,R²,MAE,RMSE
OOF,0.6236894341050099,0.21326799137413627,0.38744054767697433
