metric,mean,std
outer_rmse,0.3873872116500783,0.007856150761588092
outer_mae,0.21326792328844188,0.002391543269237584
outer_r2,0.6237082915788816,0.006654097898719978
