Split,R²,MAE,RMSE
OOF,0.6188295262462005,0.21446088654370357,0.3879607045048223
