metric,mean,std
outer_rmse,0.38787239257101985,0.010137701004967123
outer_mae,0.21446088654370357,0.004615382541625593
outer_r2,0.6188993413722904,0.008287485040218534
