Split,R²,MAE,RMSE
OOF,0.497943538762577,0.25276548444247704,0.4452504772574436
