metric,mean,std
outer_rmse,0.4451702237136124,0.010353218105027923
outer_mae,0.25276548444247704,0.001639834949226569
outer_r2,0.49798699107538374,0.0066932110423656285
