Split,R²,MAE,RMSE
OOF,0.4981183215278979,0.24953230977227,0.4451729671664596
