metric,mean,std
outer_rmse,0.4449488374927915,0.0172989613678057
outer_mae,0.24953230977227,0.004019978913169
outer_r2,0.4980621917141944,0.0347357036210581
