Split,R²,MAE,RMSE
OOF,0.6214244938991448,0.17381263918198825,0.2559090851074373
