Split,R²,MAE,RMSE
OOF,0.6085229711470772,0.17649219863196552,0.26023313290142436
