metric,mean,std
outer_rmse,0.2601734518612832,0.006837753169901636
outer_mae,0.17649224310551256,0.002027000919055354
outer_r2,0.608526866193143,0.0074477990910138325
