variant_model_id,variant_name,outer_fold,outer_rmse,outer_mae,outer_r2,inner_best_cv_rmse,best_n_splines,best_spline_order,best_lam
gam-linear,LinearGAM (no log),1,0.2529305247739874,0.17444748139628732,0.6165964093641342,0.25835196258586496,78,4,0.26647432520038106
gam-linear,LinearGAM (no log),2,0.2516343216794373,0.1715114369712937,0.6288643789145199,0.25926797651668587,78,4,0.21787042228081163
gam-linear,LinearGAM (no log),3,0.2630114000569705,0.1754791344897922,0.6187002185521328,0.2542315029128952,79,4,0.49174701597190196
