metric,mean,std
outer_rmse,0.25585874883679843,0.006228189963677437
outer_mae,0.17381268428579108,0.0020586115292098106
outer_r2,0.6213870022769289,0.006560478207430439
