feature,global_rank,p_value,neg_log10_p_value,significant_0_05,importance_metric,importance_value,importance_ascending,used_for_clustering,clustering_exclusion_reason
heading_change_per_sec,1,1.1102230246251563e-16,15.954589770191005,True,p_value,1.1102230246251563e-16,True,True,
mean_acceleration,2,1.1102230246251563e-16,15.954589770191005,True,p_value,1.1102230246251563e-16,True,True,
min_neighbor_distance,3,1.1102230246251563e-16,15.954589770191005,True,p_value,1.1102230246251563e-16,True,True,
std_speed,4,1.1102230246251563e-16,15.954589770191005,True,p_value,1.1102230246251563e-16,True,True,
scene_num_VEHICLE,5,6.661338147750939e-16,15.17643851980736,True,p_value,6.661338147750939e-16,True,True,
scene_density_VEHICLE,6,0.7962971049561027,0.0989248632061512,False,p_value,0.7962971049561027,True,False,gam_not_significant_0_05
