Split,R²,MAE,RMSE
OOF,0.658561391339497,0.152551051702828,0.2430332879359185
