Split,R²,MAE,RMSE
OOF,0.6547645239084645,0.1534329782519137,0.2443808420538218
