variant_model_id,variant_name,outer_rmse_mean,outer_rmse_std,outer_mae_mean,outer_mae_std,outer_r2_mean,outer_r2_std
gam-gamma,GammaGAM,0.24301850006982062,0.0032949245144801922,0.15255107446020819,0.0009704497948908035,0.6583299138284215,0.0069674120624270966
gam-linear-log,LinearGAM (log),0.2478540174096464,0.006513072183929679,0.15972583560606105,0.0021280320799219395,0.6447367462185846,0.005510933041868902
gam-linear,LinearGAM (no log),0.25585874883679843,0.006228189963677437,0.17381268428579108,0.0020586115292098106,0.6213870022769289,0.006560478207430439
