metric,mean,std
outer_rmse,0.2443673644932412,0.00315445832748
outer_mae,0.1534329981796207,0.0010385947784105
outer_r2,0.6544990428430425,0.00862626375772
