metric,mean,std
outer_rmse,0.2430185000698206,0.0032949245144801
outer_mae,0.1525510744602081,0.0009704497948908
outer_r2,0.6583299138284215,0.006967412062427
