metric,mean,std
outer_rmse,0.4398818221299371,0.0107857432749091
outer_mae,0.2683506505881928,0.0017631365759933
outer_r2,0.5148599804403493,0.0098169959434793
