Split,R²,MAE,RMSE
OOF,0.8956196411762526,0.08085144604886028,0.1343751125809714
