metric,mean,std
outer_rmse,0.13435548475414397,0.002817587933217124
outer_mae,0.08085144890171532,0.0010901775604310795
outer_r2,0.895585954848059,0.002037164760440234
