metric,mean,std
outer_rmse,0.4449488374927915,0.01729896136780577
outer_mae,0.24953230977227,0.004019978913169089
outer_r2,0.49806219171419447,0.03473570362105811
