Split,R²,MAE,RMSE
OOF,0.4915835161526855,0.26295430406354336,0.4480618056630741
