metric,mean,std
outer_rmse,0.4477103784105789,0.02173012048438586
outer_mae,0.2629543040635434,0.0030008533646143994
outer_r2,0.4911941854046968,0.0516526627323678
